UserId ,UserName ,UserPassword ,Gender ,Location ,Bio ,EmailAddress ,RegistrationDate 
0,g3doe5t2,caeyxu,male,,,g3doe5t2@gmail.com,9/16/2020
1,gdwnabl,id3ujf,female,,,gdwnabl@gmail.com,2/20/2021
2,ebjnkp,n92rf4,male,,,ebjnkp@gmail.com,10/24/2020
3,4qo2cvty,u4jm23,male,,,4qo2cvty@gmail.com,9/29/2021
4,otzble3a4p,2xmh1n,female,,,otzble3a4p@gmail.com,3/21/2021
5,dw2ebf5ju1,kpwx9m,female,,,dw2ebf5ju1@gmail.com,2/18/2021
6,orjpeix,erqhdz,male,,,orjpeix@gmail.com,5/8/2021
7,2vemn4a,ao9d5r,female,,,2vemn4a@gmail.com,4/10/2021
8,zubh53pd,qpa7s8,female,,,zubh53pd@gmail.com,1/14/2020
9,kq13iuczoj,c65zrw,male,,,kq13iuczoj@gmail.com,12/30/2020
10,1ymck5zf,1ph2zi,male,,,1ymck5zf@gmail.com,6/1/2020
11,jobpr5ns1u,ue2lak,female,,,jobpr5ns1u@gmail.com,3/24/2020
12,magxerb,7gwvy4,female,,,magxerb@gmail.com,12/6/2020
13,fat5dn4,woice3,male,,,fat5dn4@gmail.com,12/31/2020
14,wxjfqy,5qtzvw,female,,,wxjfqy@gmail.com,10/14/2021
15,jlygvao1bx,urazpm,male,,,jlygvao1bx@gmail.com,5/11/2020
16,huglok4db,zq91wc,male,,,huglok4db@gmail.com,8/19/2021
17,aokf4,9uch6b,female,,,aokf4@gmail.com,1/28/2020
18,whiqyj,m7cazw,male,,,whiqyj@gmail.com,3/17/2021
19,23vgbx5ze,pjhidt,female,,,23vgbx5ze@gmail.com,5/28/2021
20,r1flp,ok9hf6,female,,,r1flp@gmail.com,12/28/2021
21,ucz1ho2s,pnuhx3,male,,,ucz1ho2s@gmail.com,9/18/2020
22,xes4nkop1,sk5acp,female,,,xes4nkop1@gmail.com,11/12/2020
23,gx2hndt3bi,cb1zke,female,,,gx2hndt3bi@gmail.com,8/28/2021
24,mpx32k1u,64d2lo,female,,,mpx32k1u@gmail.com,5/25/2020
25,d3vyl,f6tohr,female,,,d3vyl@gmail.com,6/1/2021
26,m2lj1durf,5y2ajn,male,,,m2lj1durf@gmail.com,6/19/2020
27,32sob,djpmrx,female,,,32sob@gmail.com,10/11/2021
28,smrqh,sydozc,male,,,smrqh@gmail.com,4/11/2021
29,5fzeivoywx,s7za1f,male,,,5fzeivoywx@gmail.com,5/30/2021
30,qf4xtnjvh,bvdswi,male,,,qf4xtnjvh@gmail.com,10/26/2021
31,qvmj1kd3t,wvcns4,female,,,qvmj1kd3t@gmail.com,10/22/2021
32,xt2gfo,z7fh45,male,,,xt2gfo@gmail.com,2/8/2021
33,rbxh5ntz2,mphluo,female,,,rbxh5ntz2@gmail.com,5/4/2020
34,fxev3ng4c,2nw8eu,female,,,fxev3ng4c@gmail.com,1/11/2021
35,cisxgh5v,rzobnc,female,,,cisxgh5v@gmail.com,6/16/2020
36,f2ayvsjl,4d1bqw,male,,,f2ayvsjl@gmail.com,8/26/2020
37,frpnqabk,5vxw1o,male,,,frpnqabk@gmail.com,4/11/2020
38,u1xf3,b7w84j,male,,,u1xf3@gmail.com,5/24/2021
39,ltybeon,prudoy,male,,,ltybeon@gmail.com,6/19/2021
40,45ufewkq,lpgc9k,male,,,45ufewkq@gmail.com,10/3/2021
41,tzmrc5q,egh1nr,male,,,tzmrc5q@gmail.com,6/10/2020
42,l3piorfgen,ykgqpj,female,,,l3piorfgen@gmail.com,7/23/2020
43,5wtf2,29tow3,female,,,5wtf2@gmail.com,7/25/2021
44,d2l1qi4,3fhy1u,female,,,d2l1qi4@gmail.com,7/24/2021
45,s5nag2u,q4msle,male,,,s5nag2u@gmail.com,3/2/2021
46,3x5rufhcwy,9pgb53,female,,,3x5rufhcwy@gmail.com,10/10/2021
47,ez3v4h,7iugyk,male,,,ez3v4h@gmail.com,7/13/2021
48,32hjlp,b921p5,female,,,32hjlp@gmail.com,10/4/2020
49,wmzrpgel,3sryeq,male,,,wmzrpgel@gmail.com,2/7/2021
50,2bleuy,16b7ad,male,,,2bleuy@gmail.com,7/24/2020
51,v52el,5nuziy,female,,,v52el@gmail.com,9/30/2021
52,thym1iav,g47flk,female,,,thym1iav@gmail.com,2/16/2021
53,gfnrmlj,a1olrp,female,,,gfnrmlj@gmail.com,7/29/2020
54,jvgpsia,i2ve17,female,,,jvgpsia@gmail.com,2/17/2021
55,en1lum,uy984f,male,,,en1lum@gmail.com,11/16/2020
56,z2nchd4,a6yq9j,male,,,z2nchd4@gmail.com,2/19/2020
57,opf1g,i5z8lq,male,,,opf1g@gmail.com,3/20/2021
58,dl35ri,yvp4lj,male,,,dl35ri@gmail.com,7/21/2021
59,fmvxtb,b8kcjf,male,,,fmvxtb@gmail.com,2/3/2020
60,wayr3jlci5,fxcds6,female,,,wayr3jlci5@gmail.com,9/20/2021
61,2pr1yo3k,oj9tam,female,,,2pr1yo3k@gmail.com,2/24/2020
62,vkozd,kox958,female,,,vkozd@gmail.com,4/18/2020
63,bxzih,kchd9n,female,,,bxzih@gmail.com,1/19/2021
64,rhpkcguz,iv1sy6,male,,,rhpkcguz@gmail.com,5/11/2020
65,btwx1cij,u916q8,female,,,btwx1cij@gmail.com,2/25/2021
66,e3p425,p2ogtk,male,,,e3p425@gmail.com,9/28/2020
67,uec421jq,jse6hd,female,,,uec421jq@gmail.com,8/26/2021
68,njtp4v5s,jith5d,female,,,njtp4v5s@gmail.com,2/25/2020
69,mkzpn,6h8xoj,male,,,mkzpn@gmail.com,11/19/2021
70,xyudpqgj4,vpcgwy,female,,,xyudpqgj4@gmail.com,4/1/2020
71,gplqtyic,vecpgo,male,,,gplqtyic@gmail.com,1/23/2020
72,d5mawpunyt,9qsro6,female,,,d5mawpunyt@gmail.com,1/16/2021
73,sakpr23,sk2lad,male,,,sakpr23@gmail.com,10/28/2021
74,1ivfn4akc,6ofa3q,male,,,1ivfn4akc@gmail.com,6/10/2020
75,helyzpvfi,7r4uda,female,,,helyzpvfi@gmail.com,8/24/2020
76,qxl3c,ew76cq,female,,,qxl3c@gmail.com,6/24/2020
77,snjhbf53md,j14ga5,male,,,snjhbf53md@gmail.com,2/7/2020
78,trzxfsboc,u79h8m,female,,,trzxfsboc@gmail.com,4/29/2021
79,u23xmdva,7htncs,male,,,u23xmdva@gmail.com,5/29/2020
80,shykgq5wo,sit8b7,female,,,shykgq5wo@gmail.com,10/10/2020
81,vy4hopr,erkp7t,female,,,vy4hopr@gmail.com,11/18/2020
82,olgekq2xca,1t95wx,female,,,olgekq2xca@gmail.com,8/28/2020
83,pjheso3q4,5gizre,female,,,pjheso3q4@gmail.com,5/1/2021
84,em3fzgr,sucz6k,male,,,em3fzgr@gmail.com,2/4/2021
85,v2l35q4,boxndy,male,,,v2l35q4@gmail.com,4/6/2021
86,snx5ij,wof72b,female,,,snx5ij@gmail.com,9/1/2021
87,uhido32qlp,8ipay7,male,,,uhido32qlp@gmail.com,1/17/2020
88,ejaqt,hs5zw4,female,,,ejaqt@gmail.com,3/9/2020
89,mjavk4dg,5qr3f2,male,,,mjavk4dg@gmail.com,3/15/2021
90,3xuqmi5d4,48fosl,male,,,3xuqmi5d4@gmail.com,9/21/2021
91,l2y3fogajz,pewlta,female,,,l2y3fogajz@gmail.com,2/8/2020
92,rckum,op2hi8,male,,,rckum@gmail.com,10/21/2021
93,sgpte1b,uvhzko,female,,,sgpte1b@gmail.com,1/25/2021
94,qcfjzl,kitms5,male,,,qcfjzl@gmail.com,12/24/2020
95,xbmhrjeqwo,gmxer1,female,,,xbmhrjeqwo@gmail.com,12/18/2020
96,zocen,fubz6t,female,,,zocen@gmail.com,12/8/2020
97,lj1zgkys,gn4jq1,female,,,lj1zgkys@gmail.com,12/6/2021
98,pqm1cbk,38rbq6,female,,,pqm1cbk@gmail.com,3/22/2021
99,ea4bls1kfc,obcuyz,female,,,ea4bls1kfc@gmail.com,9/21/2020
100,yekjx,w4bgyr,female,,,yekjx@gmail.com,3/6/2020
,,,,,,,
,,,,,,,
,,,,,,,
,,,,,,,
,,,,,,,
,,,,,,,
,,,,,,,
,,,,,,,
,,,,,,,
,,,,,,,
,,,,,,,
,,,,,,,
,,,,,,,
,,,,,,,
,,,,,,,
,,,,,,,
,,,,,,,
,,,,,,,
,,,,,,,
,,,,,,,
,,,,,,,
,,,,,,,
,,,,,,,
,,,,,,,
,,,,,,,
,,,,,,,
,,,,,,,
,,,,,,,
,,,,,,,
,,,,,,,
,,,,,,,
,,,,,,,
,,,,,,,
,,,,,,,
,,,,,,,
,,,,,,,
,,,,,,,
,,,,,,,
,,,,,,,
,,,,,,,
,,,,,,,
,,,,,,,
,,,,,,,
,,,,,,,
,,,,,,,
,,,,,,,
,,,,,,,
,,,,,,,
,,,,,,,
,,,,,,,
,,,,,,,
,,,,,,,
,,,,,,,
,,,,,,,
,,,,,,,
,,,,,,,
,,,,,,,
,,,,,,,
,,,,,,,
,,,,,,,
,,,,,,,
,,,,,,,
,,,,,,,
,,,,,,,
,,,,,,,
,,,,,,,
,,,,,,,
,,,,,,,
,,,,,,,
,,,,,,,
,,,,,,,
,,,,,,,
,,,,,,,
,,,,,,,
,,,,,,,
,,,,,,,
,,,,,,,
,,,,,,,
,,,,,,,
,,,,,,,
,,,,,,,
,,,,,,,
,,,,,,,
,,,,,,,
,,,,,,,
,,,,,,,
,,,,,,,
,,,,,,,
,,,,,,,
,,,,,,,
,,,,,,,
,,,,,,,
,,,,,,,
,,,,,,,
,,,,,,,
,,,,,,,
,,,,,,,
,,,,,,,
,,,,,,,
,,,,,,,
,,,,,,,
,,,,,,,
,,,,,,,
,,,,,,,
,,,,,,,
,,,,,,,
,,,,,,,
,,,,,,,
,,,,,,,
,,,,,,,
,,,,,,,
,,,,,,,
,,,,,,,
,,,,,,,
,,,,,,,
,,,,,,,
,,,,,,,
,,,,,,,
,,,,,,,
,,,,,,,
,,,,,,,
,,,,,,,
,,,,,,,
,,,,,,,
,,,,,,,
,,,,,,,
,,,,,,,
,,,,,,,
,,,,,,,
,,,,,,,
,,,,,,,
,,,,,,,
,,,,,,,
,,,,,,,
,,,,,,,
,,,,,,,
,,,,,,,
,,,,,,,
,,,,,,,
,,,,,,,
,,,,,,,
,,,,,,,
,,,,,,,
,,,,,,,
,,,,,,,
,,,,,,,
,,,,,,,
,,,,,,,
,,,,,,,
,,,,,,,
,,,,,,,
,,,,,,,
,,,,,,,
,,,,,,,
,,,,,,,
,,,,,,,
,,,,,,,
,,,,,,,
,,,,,,,
,,,,,,,
,,,,,,,
,,,,,,,
,,,,,,,
,,,,,,,
,,,,,,,
,,,,,,,
,,,,,,,
,,,,,,,
,,,,,,,
,,,,,,,
,,,,,,,
,,,,,,,
,,,,,,,
,,,,,,,
,,,,,,,
,,,,,,,
,,,,,,,
,,,,,,,
,,,,,,,
,,,,,,,
,,,,,,,
,,,,,,,
,,,,,,,
,,,,,,,
,,,,,,,
,,,,,,,
,,,,,,,
,,,,,,,
,,,,,,,
,,,,,,,
,,,,,,,
,,,,,,,
,,,,,,,
,,,,,,,
,,,,,,,
,,,,,,,
,,,,,,,
,,,,,,,
,,,,,,,
,,,,,,,
,,,,,,,
,,,,,,,
,,,,,,,
,,,,,,,
,,,,,,,
,,,,,,,
,,,,,,,
,,,,,,,
,,,,,,,
,,,,,,,
,,,,,,,
,,,,,,,
,,,,,,,
,,,,,,,
,,,,,,,
,,,,,,,
,,,,,,,
,,,,,,,
,,,,,,,
,,,,,,,
,,,,,,,
,,,,,,,
,,,,,,,
,,,,,,,
,,,,,,,
,,,,,,,
,,,,,,,
,,,,,,,
,,,,,,,
,,,,,,,
,,,,,,,
,,,,,,,
,,,,,,,
,,,,,,,
,,,,,,,
,,,,,,,
,,,,,,,
,,,,,,,
,,,,,,,
,,,,,,,
,,,,,,,
,,,,,,,
,,,,,,,
,,,,,,,
,,,,,,,
,,,,,,,
,,,,,,,
,,,,,,,
,,,,,,,
,,,,,,,
,,,,,,,
,,,,,,,
,,,,,,,
,,,,,,,
,,,,,,,
,,,,,,,
,,,,,,,
,,,,,,,
,,,,,,,
,,,,,,,
,,,,,,,
,,,,,,,
,,,,,,,
,,,,,,,
,,,,,,,
,,,,,,,
,,,,,,,
,,,,,,,
,,,,,,,
,,,,,,,
,,,,,,,
,,,,,,,
,,,,,,,
,,,,,,,
,,,,,,,
,,,,,,,
,,,,,,,
,,,,,,,
,,,,,,,
,,,,,,,
,,,,,,,
,,,,,,,
,,,,,,,
,,,,,,,
,,,,,,,
,,,,,,,
,,,,,,,
,,,,,,,
,,,,,,,
,,,,,,,
,,,,,,,
,,,,,,,
,,,,,,,
,,,,,,,
,,,,,,,
,,,,,,,
,,,,,,,
,,,,,,,
,,,,,,,
,,,,,,,
,,,,,,,
,,,,,,,
,,,,,,,
,,,,,,,
,,,,,,,
,,,,,,,
,,,,,,,
,,,,,,,
,,,,,,,
,,,,,,,
,,,,,,,
,,,,,,,
,,,,,,,
,,,,,,,
,,,,,,,
,,,,,,,
,,,,,,,
,,,,,,,
,,,,,,,
,,,,,,,
,,,,,,,
,,,,,,,
,,,,,,,
,,,,,,,
,,,,,,,
,,,,,,,
,,,,,,,
,,,,,,,
,,,,,,,
,,,,,,,
,,,,,,,
,,,,,,,
,,,,,,,
,,,,,,,
,,,,,,,
,,,,,,,
,,,,,,,
,,,,,,,
,,,,,,,
,,,,,,,
,,,,,,,
,,,,,,,
,,,,,,,
,,,,,,,
,,,,,,,
,,,,,,,
,,,,,,,
,,,,,,,
,,,,,,,
,,,,,,,
,,,,,,,
,,,,,,,
,,,,,,,
,,,,,,,
,,,,,,,
,,,,,,,
,,,,,,,
,,,,,,,
,,,,,,,
,,,,,,,
,,,,,,,
,,,,,,,
,,,,,,,
,,,,,,,
,,,,,,,
,,,,,,,
,,,,,,,
,,,,,,,
,,,,,,,
,,,,,,,
,,,,,,,
,,,,,,,
,,,,,,,
,,,,,,,
,,,,,,,
,,,,,,,
,,,,,,,
,,,,,,,
,,,,,,,
,,,,,,,
,,,,,,,
,,,,,,,
,,,,,,,
,,,,,,,
,,,,,,,
,,,,,,,
,,,,,,,
,,,,,,,
,,,,,,,
,,,,,,,
,,,,,,,
,,,,,,,
,,,,,,,
,,,,,,,
,,,,,,,
,,,,,,,
,,,,,,,
,,,,,,,
,,,,,,,
,,,,,,,
,,,,,,,
,,,,,,,
,,,,,,,
,,,,,,,
,,,,,,,
,,,,,,,
,,,,,,,
,,,,,,,
,,,,,,,
,,,,,,,
,,,,,,,
,,,,,,,
,,,,,,,
,,,,,,,
,,,,,,,
,,,,,,,
,,,,,,,
,,,,,,,
,,,,,,,
,,,,,,,
,,,,,,,
,,,,,,,
,,,,,,,
,,,,,,,
,,,,,,,
,,,,,,,
,,,,,,,
,,,,,,,
,,,,,,,
,,,,,,,
,,,,,,,
,,,,,,,
,,,,,,,
,,,,,,,
,,,,,,,
,,,,,,,
,,,,,,,
,,,,,,,
,,,,,,,
,,,,,,,
,,,,,,,
,,,,,,,
,,,,,,,
,,,,,,,
,,,,,,,
,,,,,,,
,,,,,,,
,,,,,,,
,,,,,,,
,,,,,,,
,,,,,,,
,,,,,,,
,,,,,,,
,,,,,,,
,,,,,,,
,,,,,,,
,,,,,,,
,,,,,,,
,,,,,,,
,,,,,,,
,,,,,,,
,,,,,,,
,,,,,,,
,,,,,,,
,,,,,,,
,,,,,,,
,,,,,,,
,,,,,,,
,,,,,,,
,,,,,,,
,,,,,,,
,,,,,,,
,,,,,,,
,,,,,,,
,,,,,,,
,,,,,,,
,,,,,,,
,,,,,,,
,,,,,,,
,,,,,,,
,,,,,,,
,,,,,,,
,,,,,,,
,,,,,,,
,,,,,,,
,,,,,,,
,,,,,,,
,,,,,,,
,,,,,,,
,,,,,,,
,,,,,,,
,,,,,,,
,,,,,,,
,,,,,,,
,,,,,,,
,,,,,,,
,,,,,,,
,,,,,,,
,,,,,,,
,,,,,,,
,,,,,,,
,,,,,,,
,,,,,,,
,,,,,,,
,,,,,,,
,,,,,,,
,,,,,,,
,,,,,,,
,,,,,,,
,,,,,,,
,,,,,,,
,,,,,,,
,,,,,,,
,,,,,,,
,,,,,,,
,,,,,,,
,,,,,,,
,,,,,,,
,,,,,,,
,,,,,,,
,,,,,,,
,,,,,,,
,,,,,,,
,,,,,,,
,,,,,,,
,,,,,,,
,,,,,,,
,,,,,,,
,,,,,,,
,,,,,,,
,,,,,,,
,,,,,,,
,,,,,,,
,,,,,,,
,,,,,,,
,,,,,,,
,,,,,,,
,,,,,,,
,,,,,,,
,,,,,,,
,,,,,,,
,,,,,,,
,,,,,,,
,,,,,,,
,,,,,,,
,,,,,,,
,,,,,,,
,,,,,,,
,,,,,,,
,,,,,,,
,,,,,,,
,,,,,,,
,,,,,,,
,,,,,,,
,,,,,,,
,,,,,,,
,,,,,,,
,,,,,,,
,,,,,,,
,,,,,,,
,,,,,,,
,,,,,,,
,,,,,,,
,,,,,,,
,,,,,,,
,,,,,,,
,,,,,,,
,,,,,,,
,,,,,,,
,,,,,,,
,,,,,,,
,,,,,,,
,,,,,,,
,,,,,,,
,,,,,,,
,,,,,,,
,,,,,,,
,,,,,,,
,,,,,,,
,,,,,,,
,,,,,,,
,,,,,,,
,,,,,,,
,,,,,,,
,,,,,,,
,,,,,,,
,,,,,,,
,,,,,,,
,,,,,,,
,,,,,,,
,,,,,,,
,,,,,,,
,,,,,,,
,,,,,,,
,,,,,,,
,,,,,,,
,,,,,,,
,,,,,,,
,,,,,,,
,,,,,,,
,,,,,,,
,,,,,,,
,,,,,,,
,,,,,,,
,,,,,,,
,,,,,,,
,,,,,,,
,,,,,,,
,,,,,,,
,,,,,,,
,,,,,,,
,,,,,,,
,,,,,,,
,,,,,,,
,,,,,,,
,,,,,,,
,,,,,,,
,,,,,,,
,,,,,,,
,,,,,,,
,,,,,,,
,,,,,,,
,,,,,,,
,,,,,,,
,,,,,,,
,,,,,,,
,,,,,,,
,,,,,,,
,,,,,,,
,,,,,,,
,,,,,,,
,,,,,,,
,,,,,,,
,,,,,,,
,,,,,,,
,,,,,,,
,,,,,,,
,,,,,,,
,,,,,,,
,,,,,,,
,,,,,,,
,,,,,,,
,,,,,,,
,,,,,,,
,,,,,,,
,,,,,,,
,,,,,,,
,,,,,,,
,,,,,,,
,,,,,,,
,,,,,,,
,,,,,,,
,,,,,,,
,,,,,,,
,,,,,,,
,,,,,,,
,,,,,,,
,,,,,,,
,,,,,,,
,,,,,,,
,,,,,,,
,,,,,,,
,,,,,,,
,,,,,,,
,,,,,,,
,,,,,,,
,,,,,,,
,,,,,,,
,,,,,,,
,,,,,,,
,,,,,,,
,,,,,,,
,,,,,,,
,,,,,,,
,,,,,,,
,,,,,,,
,,,,,,,
,,,,,,,
,,,,,,,
,,,,,,,
,,,,,,,
,,,,,,,
,,,,,,,
,,,,,,,
,,,,,,,
,,,,,,,
,,,,,,,
,,,,,,,
,,,,,,,
,,,,,,,
,,,,,,,
,,,,,,,
,,,,,,,
,,,,,,,
,,,,,,,
,,,,,,,
,,,,,,,
,,,,,,,
,,,,,,,
,,,,,,,
,,,,,,,
,,,,,,,
,,,,,,,
,,,,,,,
,,,,,,,
,,,,,,,
,,,,,,,
,,,,,,,
,,,,,,,
,,,,,,,
,,,,,,,
,,,,,,,
,,,,,,,
,,,,,,,
,,,,,,,
,,,,,,,
,,,,,,,
,,,,,,,
,,,,,,,
,,,,,,,
,,,,,,,
,,,,,,,
,,,,,,,
,,,,,,,
,,,,,,,
,,,,,,,
,,,,,,,
,,,,,,,
,,,,,,,
,,,,,,,
,,,,,,,
,,,,,,,
,,,,,,,
,,,,,,,
,,,,,,,
,,,,,,,
,,,,,,,
,,,,,,,
,,,,,,,
,,,,,,,
,,,,,,,
,,,,,,,
,,,,,,,
,,,,,,,
,,,,,,,
,,,,,,,
,,,,,,,
,,,,,,,
,,,,,,,
,,,,,,,
,,,,,,,
,,,,,,,
,,,,,,,
,,,,,,,
,,,,,,,
,,,,,,,
,,,,,,,
,,,,,,,
,,,,,,,
,,,,,,,
,,,,,,,
,,,,,,,
,,,,,,,
,,,,,,,
,,,,,,,
,,,,,,,
,,,,,,,
,,,,,,,
,,,,,,,
,,,,,,,
,,,,,,,
,,,,,,,
,,,,,,,
,,,,,,,
,,,,,,,
,,,,,,,
,,,,,,,
,,,,,,,
,,,,,,,
,,,,,,,
,,,,,,,
,,,,,,,
,,,,,,,
,,,,,,,
,,,,,,,
,,,,,,,
,,,,,,,
,,,,,,,
,,,,,,,
,,,,,,,
,,,,,,,
,,,,,,,
,,,,,,,
,,,,,,,
,,,,,,,
,,,,,,,
,,,,,,,
,,,,,,,
,,,,,,,
,,,,,,,
,,,,,,,
,,,,,,,
,,,,,,,
,,,,,,,
,,,,,,,
,,,,,,,
,,,,,,,
,,,,,,,
,,,,,,,
,,,,,,,
,,,,,,,
,,,,,,,
,,,,,,,
,,,,,,,
,,,,,,,
,,,,,,,
,,,,,,,
,,,,,,,
,,,,,,,
,,,,,,,
,,,,,,,
,,,,,,,
,,,,,,,
,,,,,,,
,,,,,,,
,,,,,,,
,,,,,,,
,,,,,,,
,,,,,,,
,,,,,,,
,,,,,,,
,,,,,,,
,,,,,,,
,,,,,,,
,,,,,,,
,,,,,,,
,,,,,,,
,,,,,,,
,,,,,,,
,,,,,,,
,,,,,,,
,,,,,,,
,,,,,,,
,,,,,,,
,,,,,,,
,,,,,,,
,,,,,,,
,,,,,,,
,,,,,,,
,,,,,,,
,,,,,,,
,,,,,,,
,,,,,,,
,,,,,,,
,,,,,,,
,,,,,,,
,,,,,,,
,,,,,,,
,,,,,,,
,,,,,,,
,,,,,,,
,,,,,,,
,,,,,,,
,,,,,,,
,,,,,,,
,,,,,,,
,,,,,,,
,,,,,,,
,,,,,,,
,,,,,,,
,,,,,,,
,,,,,,,
,,,,,,,
,,,,,,,
,,,,,,,
,,,,,,,
,,,,,,,
,,,,,,,
,,,,,,,
,,,,,,,
,,,,,,,
,,,,,,,
,,,,,,,
,,,,,,,
,,,,,,,
,,,,,,,
,,,,,,,
,,,,,,,
,,,,,,,
,,,,,,,
,,,,,,,
,,,,,,,
,,,,,,,
,,,,,,,
,,,,,,,
,,,,,,,
,,,,,,,
,,,,,,,
,,,,,,,
